Produkt,Kcal,Bia³ko,T³uszcz,Wêglowodany,B³onnik,Sód,Potas,Wapñ,¯elazo,Magnez,Witamina A,Witamina E,Witamina C
Mleko spo¿ywcze 3.5% t³uszczu,64,3,4,5,0,44,138,118,0,12,40,0,1
Mleko spo¿ywcze 3.2% t³uszczu,62,3,3,5,0,44,139,118,0,12,36,0,1
Mleko spo¿ywcze 2% t³uszczu,52,3,2,5,0,45,141,120,0,12,25,0,1
Mleko spo¿ywcze 1.5% t³uszczu,48,3,2,5,0,45,141,120,0,12,20,0,1
Mleko spo¿ywcze 0.5% t³uszczu,40,4,1,5,0,45,141,121,0,12,15,0,1
Mleko kozie,68,3,4,5,0,40,161,130,0,14,74,0,1
Mleko w proszku odt³uszczone,363,36,1,51,0,480,1874,1404,1,143,7,0,14
Mleko w proszku pe³ne,483,27,24,39,0,357,1393,1062,1,108,199,0,11
Mleko zagêszczone nies³odzone,132,7,8,9,0,120,304,258,0,26,62,0,5
Mleko zagêszczone s³odzone,329,8,8,55,0,110,348,295,0,30,66,0,4
Œmietanka kremowa 30% t³uszczu,1200,289,2,30,0,32,101,86,0,9,249,1,0
Œmietana 18% t³uszczu,770,186,3,18,0,37,116,99,0,10,150,0,0
Œmietana 12% t³uszczu,556,134,3,12,0,40,125,106,0,11,100,0,0
Œmietanka do kawy 9% t³uszczu,449,108,3,9,0,41,128,109,0,11,74,0,0
Jogurt naturalny 2% t³uszczu,61,4,2,6,0,63,200,170,0,17,16,0,1
Jogurt bananowy 1.5% t³uszczu,58,4,2,7,0,48,161,132,0,13,19,0,1
Jogurt jagodowy 1.5% t³uszczu,63,4,2,9,0,48,170,134,0,14,19,0,3
Jogurt morelowy 1.5% t³uszczu,64,4,2,9,0,47,200,133,0,14,57,0,2
Jogurt truskawkowy 1.5% t³uszczu,61,4,2,8,0,47,179,134,0,15,19,0,11
Jogurt wiœniowy 1.5% t³uszczu,62,4,2,8,0,49,182,134,0,15,24,0,3
Kefir 2% t³uszczu,51,3,2,5,0,38,122,103,0,10,16,0,0
Maœlanka spo¿ywcza 0.5% t³uszczu,38,3,1,5,0,60,150,110,0,13,8,0,0
Napój mleczny jogurtowy,83,4,2,12,0,59,186,158,0,16,15,0,1
Serwatka p³ynna,25,1,0,5,0,45,129,68,0,1,4,0,0
Brie pe³not³usty,332,20,28,0,0,880,100,600,0,20,285,1,0
Cheddar pe³not³usty,394,27,32,0,0,598,81,703,1,54,382,1,0
Edamski t³usty,316,26,23,0,0,618,81,867,1,37,269,0,0
Ementaler pe³not³usty,383,29,30,0,0,909,119,835,1,39,297,0,0
Gouda t³usty,319,28,23,0,0,898,83,807,1,31,276,0,0
Myœliwski pe³not³usty,349,26,27,0,0,674,82,792,0,27,213,0,0
Rokpol pe³not³usty,366,23,31,0,0,1368,109,530,1,20,521,1,0
Salami pe³not³usty,354,25,28,0,0,585,89,817,0,27,289,0,0
Tyl¿ycki pe³not³usty,356,26,28,0,0,744,84,815,1,28,350,0,0
Tyl¿ycki t³usty,337,28,25,0,0,861,108,583,1,28,260,0,0
Deser twarogowy termizowany kakaowy,158,14,6,11,0,35,108,77,0,11,50,0,0
Deser twarogowy termizowany truskawkowy,171,11,6,18,0,29,86,66,0,7,49,0,1
Ser twarogowy chudy,100,20,1,4,0,41,96,96,0,9,5,0,0
Ser twarogowy pó³t³usty,134,19,5,4,0,44,113,94,0,9,39,0,0
Ser twarogowy t³usty,177,18,10,4,0,40,104,88,0,9,83,0,0
Serek termizowany pieczarkowy,114,16,4,4,0,387,136,80,0,12,32,0,1
Ser twarogowy homogenizowany pe³not³usty,162,13,11,3,0,47,117,98,0,9,39,0,0
Ser twarogowy homogenizowany truskawkowy,170,15,4,18,0,36,99,79,0,8,32,0,1
Ser twarogowy homogenizowany waniliowy,161,17,4,13,0,40,102,85,0,8,35,0,0
Ser twarogowy ziarnisty,102,12,4,3,0,380,80,80,0,8,22,0,0
Serek typu Fromage naturalny,383,10,37,2,0,396,66,55,0,8,362,1,0
Serek typu Fromage z czosnkiem,371,10,35,4,0,377,84,54,0,9,343,1,2
Ser topiony edamski,301,14,27,1,0,841,51,367,1,16,174,0,0
Lody mleczno-owocowe,117,4,3,19,0,57,198,155,0,17,21,0,3
Lody œmietankowe,161,3,9,18,0,47,148,125,0,13,71,0,0
Baranina - ³opatka,287,15.6,25.0,0,0,66,249,9,2.3,23,56,0.60,0
Baranina - udziec,234,18.0,18.0,0,0,78,380,10,2.7,23,56,0.33,0
Cielêcina - ³opatka,107,19.9,2.8,0,0,87,395,11,2.9,15,30,0.34,0
Cielêcina - udziec,109,19.9,3.1,0,0,128,246,10,2.4,16,30,0.30,0
Wieprzowina - boczek bez koœci,514,10.1,53.0,0,0,78,163,4,0.7,10,0,0.48,0
Wieprzowina - golonka ze skór¹,297,18.6,24.7,0,0,73,213,19,1.1,17,0,0.20,0
Wieprzowina - karkówka,269,16.1,22.8,0,0,63,283,18,1.3,17,0,0.40,0
Wieprzowina - ³opatka,259,16.0,21.7,0,0,52,275,5,1.1,19,0,0.40,0
Wieprzowina - podgardle,635,7.4,67.8,0,0,18,87,7,0.7,5,0,0.03,0
Wieprzowina - schab surowy,175,21.0,10.0,0,0,42,343,15,1.0,24,0,0.23,0
Wieprzowina - szynka surowa,264,18.0,21.3,0,0,62,289,5,0.9,21,0,0.30,0
Wieprzowina - ¿eberka,324,15.0,15.2,0,0,63,252,28,1.3,17,0,0.20,0
Wo³owina - pieczeñ,118,20.3,3.6,0,0,78,375,3,2.3,25,11,0.20,0
Wo³owina - polêdwica,114,20.1,3.5,0,0,52,382,4,3.1,26,11,0.20,0
Wo³owina - rostbef,153,21.5,7.3,0,0,64,350,9,2.4,23,12,0.35,0
Wo³owina - rozbratel,159,16.7,10.1,0,0,34,313,14,2.8,21,12,0.35,0
Wo³owina - szponder,219,19.3,15.7,0,0,63,266,27,2.1,19,12,0.35,0
Flaki,85,16.0,2.2,0,0,64,137,71,0.6,11,0,0.12,0
Nogi wieprzowe,276,23.0,20.4,0,0,157,127,24,2.1,12,30,0.40,0
W¹troba wieprzowa,131,22.0,3.4,2.6,0,83,311,10,18.7,23,13300,0.12,23
W¹troba wo³owa,126,20.0,3.1,4,0,117,294,7,9.4,21,14400,0.67,31
Gêœ- tuszka,341,14.1,31.8,0,0,48,243,5,2.4,18,30,0.20,0
Miêso z piersi indyka bez skóry,85,19.2,0.7,0,0,47,460,2,0.5,35,9,0.02,0
Miêso z podudzia indyka ze skór¹,144,15.7,8.9,0,0,92,324,8,1.1,24,40,0.11,0
Miêso z udŸca indyka ze skór¹,132,18.4,6.4,0,0,76,384,5,0.8,26,40,0.07,0
Skrzyd³o indyka,169,16.5,11.4,0,0,63,308,6,1.1,23,40,0.15,0
Kaczka- tuszka,310,13.5,28.6,0,0,66,242,8,2.1,14,24,0.20,0
Kurczak- tuszka,159,18.6,9.3,0,0,61,305,10,1.2,20,16,0.50,0
Miêso z piersi kurczaka bez skóry,100,21.5,1.3,0,0,55,385,5,0.4,33,6,0.30,0
Noga (udo) kurczaka,160,16.8,10.2,0,0,85,300,9,0.7,23,20,0.38,0
W¹tróbka kurczaka,137,19.1,6.3,0.6,0,85,300,8,9.5,21,9304,0.25,23
¯o³¹dek kurczaka,115,18.2,4.2,0.6,0,69,188,8,3.5,13,65,0.20,3
Baleron gotowany,246,15.1,20.2,0.9,0,749,312,17,1.3,16,0,0.35,0
Kabanosy,329,27.4,24.3,0,0,1327,467,11,2.3,34,0,0.35,0
Kie³basa - krakowska sucha,326,25.6,24.8,0,0,1273,429,8,2.1,33,3,0.71,0
Kie³basa - mortadela,207,12.0,17.7,0,0,698,169,13,1.2,12,3,0.28,0
Kie³basa - myœliwska sucha,293,27.8,20.1,0,0,1237,463,10,2.5,33,5,0.32,0
Kie³basa - parówkowa,326,11.0,31.5,0,0,839,134,15,1.2,9,3,0.47,0
Kie³basa - podwawelska,249,17.3,19.6,0.9,0,1,1017,303,10,1.5,22,0,0.20
Kie³basa - toruñska,265,20.9,20.1,0,0,1007,348,9,1.9,24,3,0.23,0
Kie³basa - zwyczajna,21,17.6,15.6,0,0,848,258,13,1.6,19,4,0.16,0
Kie³basa - ¿ywiecka,318,20.3,26.3,0,0,1031,328,7,1.9,23,6,0.64,0
Mielonka (Luncheon meat),172,12.8,11.7,3.7,0,1065,296,9,1.3,15,0,0.13,0
Parówki popularne,345,9.5,34.3,0,0,889,120,5,1.1,8,3,0.43,0
Polêdwica sopocka,166,19.9,9.1,0.9,0,748,374,15,1.1,23,0,0.21,0
Salami popularne,573,21.6,53.7,1.4,0.1,1307,348,10,2.2,25,7,1.26,0.5
Szynka wiejska,255,17.1,20.3,0.9,0,1026,366,5,0.9,20,0,0.29,0
Szynka wieprzowa gotowana,235,16.4,18.3,1.0,0,857,319,6,1.0,19,0,0.26,0
Szynka wo³owa gotowana,108,20.9,2.0,1.1,0,914,401,5,2.2,26,12,0.18,0
Wêdzonka wo³owa gotowana,103,17.8,3.1,0.5,0,992,382,5,2.8,24,11,0.19,0.5
Kiszka kaszana jêczmienna,271,9.1,19.9,14.6,1.0,716,97,30,11.4,10,55,0.20,0
Kiszka pasztetowa,387,12.5,35.7,4.3,0.1,788,144,18,6.0,7,1840,0.20,1.4
Pasztet pieczony,394,17.0,31.2,13.5,2.3,817,373,49,5.0,33,2225,0.85,4.0
Salceson czarny,339,12.6,32.0,0.5,0.1,803,139,18,7.5,7,35,0.20,0
Salceson w³oski,321,14.6,29.3,0,0,815,143,40,2.2,8,0,0.20,0
Baton szynkowy z indyka,144,14.9,9.3,0.1,0,826,304,8,0.9,30,21,0.15,2.0
Kie³basa mazurska z indyka,130,14.8,7.7,0.1,0,603,295,5,1.0,26,16,0.12,0
Kie³basa szynkowa z indyka,89,17.2,2.0,0.2,0,900,392,6,0.7,35,14,0.02,0.1
Polêdwica z indyka,106,15.8,4.6,0.1,0,763,362,3,0.5,33,19,0.13,1.9
Szynka z indyka,85,17.1,1.6,0.1,0,612,387,3,0.6,32,13,0.02,0
Baton z kurczaka,146,16.7,8.6,0.1,0,753,283,43,1.1,29,9,0.26,0
Kie³basa ja³owcowa z kurczaka,238,19.0,17.9,0.1,0,630,342,40,1.2,32,16,0.53,0
Kie³basa podsuszana z kurczaka,164,21.7,8.4,0,0,1039,375,39,1.2,38,18,0.31,0
Kie³basa szynkowa z kurczaka,111,16.2,5.0,0,0,725,302,10,0.8,28,17,0.25,0
Kurczak faszerowany (pieczony),201,20.5,11.9,2.8,0.1,1208,343,15,1.4,33,97,0.56,0.4
Parówki z kurczaka,261,10.8,22.4,4.2,0.1,548,141,45,1.1,16,8,0.20,0
Pasztet z kurczaka pieczony,216,14.4,14.4,7.5,0.4,574,225,94,3.3,23,1362,0.21,3.6
Pasztet podlaski z kurczaka,230,6.7,21.1,3.6,0.2,610,108,42,1.5,13,671,3.26,1.7
Polêdwica z piersi kurczaka,94,20.4,1.2,0,0,705,366,7,0.5,36,6,0.27,0
Szynka z piersi kurczaka,98,21.2,1.2,0.2,0,933,380,8,0.5,39,6,0.28,0
Szynka z udŸca kurczaka,118,17.2,5.3,0,0,769,321,11,0.8,30,18,0.26,0
Dorsz œwie¿y- filety bez skóry,70,16.5,0.3,0,0,89,364,7,0.6,29,6,0.44,1.0
Fl¹dra œwie¿a,84,16.5,1.8,0,0,92,332,27,0.4,24,9,0.36,0
Halibut bia³y- œwie¿y,99,20.1,1.9,0,0,67,446,14,0.5,28,32,0.85,0
Karp œwie¿y,111,18.0,4.2,0,0,30,387,10,0.7,12,44,0.63,1.0
Mintaj œwie¿y,73,16.6,0.6,0,0,99,330,9,0.2,43,1,1.0,0
Morszczuk œwie¿y,90,17.2,2.2,0,0,100,270,41,0.5,23,10,0.4,0
Pstr¹g têczowy- œwie¿y,162,18.6,9.6,0,0,52,420,18,0.4,25,30,1.71,0
Szczupak œwie¿y,83,18.4,0.8,0,0,63,304,20,0.6,27,14,0.79,1.3
ŒledŸ œwie¿y,162,16.3,10.7,0,0,89,239,32,0.9,24,25,1.07,0
ŒledŸ solony,219,19.8,15.4,0,0,5930,240,62,1.1,39,45,2.3,0
Dorsz wêdzony,95,22.1,0.5,0,0,1170,300,20,1.0,14,4,0.2,0
£osoœ wêdzony,163,21.5,8.4,0,0,1470,330,15,0.5,30,30,1.3,0
Makrela wêdzona,223,20.7,15.5,0,0,1170,275,5,1.2,30,54,1.0,0
Pikling,217,21.8,14.3,0,0,1170,285,32,1.4,33,14,1.6,0
Wêgorz wêdzony,328,17.9,28.6,0,0,500,243,19,0.7,18,940,4.0,0
Paprykarz Szczeciñski,179,9.9,11.9,8.6,8.6,595,327,15,0.7,27,61,3.58,4.8
Sa³atka z dorsza,188,9.8,13.9,7.2,7.2,684,370,19,0.7,29,119,4.45,23.3
Sa³atka pikantna z makreli,182,10.2,13.2,6.9,6.9,621,425,25,0.9,31,144,2.96,8.3
Sardynka w oleju,223,24.1,13.9,0,0,366,388,330,2.7,46,49,2.7,0
Sardynka w pomidorach,163,17.0,9.9,1.4,1.4,350,410,250,2.9,39,66,2.3,0.8
ŒledŸ w oleju,343,19.7,29.4,0,0,238,243,86,2.3,26,28,5.6,0
ŒledŸ w pomidorach,177,13.7,12.8,1.8,1.8,321,285,83,2.5,29,83,1.12,0.8
Tuñczyk w oleju,191,27.1,9.0,0,0,515,248,12,1.2,33,152,1.94,0
Tuñczuk w wodzie,97,21.0,1.2,0,0,515,182,13,1.4,43,370,1.2,0
Baranina- ³opatka,287,15.6,25.0,0,0,66,249,9,2.3,23,56,0.60,0
Olej rzepakowy uniwersalny,892,0,100,0,0,0,0,0,0,0,0,37,0
Olej rzepakowy t³oczony na zimno,892,0,100,0,0,0,0,0,0,0,0,29,0
Olej rzepakowo-sojowy,892,0,100,0,0,0,0,0,0,0,0,20,0
Olej s³onecznikowy,892,0,100,0,0,0,0,0,0,0,0,47,0
Olej sojowy,892,0,100,0,0,0,0,0,0,0,0,13,0
Oliwa z oliwek,889,0,100,0,0,1,0,0,0,0,0,12,0
Planta,892,0,100,0,0,0,0,0,0,0,0,12,0
Margaryna Flora,535,0,60,0,0,119,0,0,0,0,900,22,0
Margaryna Kama,401,0,45,0,0,119,0,0,0,0,600,14,0
Margaryna Mleczna,716,0,80,0,0,119,10,9,0,1,600,16,0
Margaryna Rama,629,0,70,0,0,122,10,5,0,0,900,9,0
Margaryna S³oneczna,716,0,80,0,0,119,7,5,0,1,600,32,0
Margaryna Palma,716,0,80,0,0,119,10,9,0,1,900,14,0
Mas³o roœlinne kubkowe,716,0,80,0,0,122,10,8,0,1,900,24,0
Mas³o wyborowe,742,1,83,1,0,9,25,16,0,1,814,3,0
S³onina,804,2,89,0,0,23,27,1,0,2,0,2,0
Smalec,888,0,100,0,0,1,1,0,0,0,0,1,0
Mlemix zambrowski,578,1,64,1,0,5,12,10,0,1,579,8,0
M¹ka pszenna typ 500,345,9,1,75,3,2,110,10,1,10,0,0,0
M¹ka pszenna typ 550,346,9,2,74,3,2,136,19,1,19,0,0,0
Kasza gryczana,339,13,3,69,6,5,443,25,3,218,0,0,0
Kasza jaglana,349,11,3,72,3,5,220,10,5,100,0,0,0
Kasza jêczmienna- per³owa,330,7,2,75,6,4,264,20,2,45,0,0,0
Kasza jêczmienna- pêczak,333,8,2,76,2,5,228,20,2,45,0,0,0
Kasza manna,351,9,1,77,3,3,116,17,1,18,0,0,0
Ry¿ bia³y,347,7,1,79,2,6,111,10,1,13,0,0,0
Ry¿ br¹zowy,325,7,2,77,9,10,260,32,1,110,0,1,0
Makaron bezjajeczny,366,10,2,79,3,2,149,20,1,22,0,0,0
Makaron dwujajeczny,382,11,3,78,3,17,158,25,2,21,4,1,0
Makaron czterojajeczny,381,12,4,76,3,31,190,30,2,29,79,0,0
Chleb ¿ytni pe³noziarnisty,239,7,2,54,6,454,356,66,3,71,0,1,0
Chleb ¿ytni jasny,243,4,1,57,5,455,115,14,1,19,0,0,0
Chleb ¿ytni jasny mleczny,255,5,2,58,5,467,145,41,1,21,6,0,0
Chleb ¿ytni razowy,225,6,2,52,6,457,278,26,2,64,0,1,0
Chleb ¿ytni razowy na miodzie,236,5,2,54,5,348,260,24,2,57,0,1,0
Chleb ¿ytni razowy z soj¹ i s³onecznikem,246,8,4,51,7,391,411,41,3,78,0,1,0
Chleb staropolski,221,5,2,51,5,447,232,22,2,52,0,1,0
Chleb ¿ytni wileñski,227,4,2,52,5,354,188,19,1,37,0,1,0
Pumpernikiel,254,6,2,58,6,395,310,28,3,68,4,1,0
Chleb baltonowski,250,6,2,56,5,391,141,16,1,28,0,1,0
Chleb chrupki,327,9,2,79,6,272,448,42,4,100,2,1,0
Chleb mazowiecki,250,6,1,56,5,394,140,16,1,29,0,1,0
Chleb mieszany ze s³onecznikiem,248,6,5,49,5,387,250,28,2,64,0,3,0
Chleb mieszany z soj¹,233,7,3,50,5,386,320,33,2,50,0,1,0
Chleb praski,246,8,1,56,5,389,142,16,1,28,0,0,0
Chleb wiejski,242,6,1,55,5,371,165,16,1,29,0,0,0
Chleb zwyk³y,247,5,1,57,5,391,148,17,1,29,0,0,0
Bagietki francuskie,285,8,2,60,2,708,124,17,1,22,0,0,0
Bu³ki grahamki,260,28,2,57,5,474,228,24,2,65,0,1,0
Bu³ki pszenne zwyk³e,274,7,2,59,2,377,112,15,1,18,0,0,0
Bu³ka tarta,350,10,2,78,6,503,202,27,2,42,0,0,0
Chleb graham,228,8,2,49,5,432,215,22,2,62,0,1,0
Bu³ki wroc³awskie,296,7,4,57,2,400,111,15,1,18,20,1,0
Kajzerki,299,8,4,59,2,464,116,16,1,19,14,1,0
Pieczywo tostowe,308,8,5,59,2,488,161,47,1,23,24,1,0
Bu³ki i rogale maœlane,329,8,6,62,2,396,133,33,1,20,41,1,0
Cha³ki zdobne,335,7,7,62,2,278,113,15,1,17,41,1,0
Chrupki kukurydziane,355,9,3,79,8,12,206,3,2,65,0,0,0
Musli z owocami suszonymi,328,8,3,72,8,101,564,49,3,93,86,1,3
Musli z rodzynkami i orzechami,378,212,13,63,10,122,443,71,4,136,1,6,1
Otrêby pszenne,187,16,5,62,42,9,1121,119,15,490,0,4,0
P³atki jêczmienne,358,10,4,79,10,651,388,31,4,9,0,0,0
P³atki kukurydziane,366,7,3,84,7,1167,100,8,1,6,0,0,0
P³atki owsiane,369,12,7,69,7,5,379,54,4,129,0,2,0
P³atki pszenne,354,9,3,81,10,644,360,31,3,97,0,0,0
P³atki ¿ytnie,346,6,2,83,12,662,422,28,3,88,0,1,0
Ry¿ preparowany,364,6,2,84,5,3,113,6,1,52,0,1,0
Boæwina,18,2,1,6,4,56,548,97,2,43,670,2,34
Bób,66,8,0,14,6,7,261,60,2,24,28,0,32
Broku³y,27,3,0,5,3,7,385,48,1,23,153,1,83
Brukselka,37,5,1,9,5,10,416,57,1,21,74,1,94
Burak,38,2,0,10,2,52,348,41,2,17,2,0,10
Cebula,31,1,0,7,2,6,121,25,1,8,2,0,6
Chrzan,68,5,1,18,7,7,740,78,1,43,3,0,114
Cukinia,15,1,0,3,1,3,250,15,0,22,34,0,9
Cykoria,21,2,0,4,1,6,237,32,1,15,264,0,10
Czosnek,147,6,1,33,4,17,400,41,2,25,0,0,31
Dynia,28,1,0,8,3,4,278,66,1,14,496,1,8
Fasola bia³a- nasiona suche,290,21,2,62,16,19,1188,163,7,169,0,0,2
Fasola szparagowa,27,2,0,8,4,6,264,65,1,22,63,0,24
Groch- nasiona suche,295,24,1,60,15,30,937,57,5,124,20,0,2
Groszek zielony,76,7,0,17,6,2,353,22,2,29,68,0,34
Kalafior,22,2,0,5,2,26,214,13,1,11,2,0,69
Kalarepa,29,2,0,7,2,8,304,42,1,10,33,0,65
Kapusta bia³a,29,2,0,7,3,19,228,67,0,13,9,2,48
Kapusta czerwona,27,2,0,7,3,11,269,46,1,12,3,2,54
Kapusta pekiñska,12,1,0,3,2,9,150,45,0,15,140,0,27
Kapusta w³oska,38,3,0,8,3,9,306,77,0,16,7,2,60
Koper zielony,27,3,0,6,3,7,396,64,3,14,350,0,31
Kukurydza- kolby,111,4,2,23,3,7,283,6,1,37,9,1,12
Marchew,27,1,0,9,4,82,282,36,1,16,1656,1,3
Ogórek,14,1,0,3,1,11,125,15,0,8,28,0,8
Papryka czerwona,29,1,1,7,2,3,255,13,1,11,528,3,144
Papryka zielona,18,1,0,4,2,2,176,12,1,9,32,3,91
Pietruszka- korzeñ,38,3,1,11,5,49,399,43,1,27,5,2,45
Pietruszka- liœcie,41,4,0,9,4,39,695,193,5,69,902,3,178
Pomidor,15,1,0,4,1,8,282,9,1,8,107,1,23
Por,24,2,0,6,3,6,248,48,1,11,148,1,20
Rabarbar,9,1,0,5,3,2,136,52,1,13,10,0,9
Rzepa,26,1,0,5,4,17,280,40,1,10,10,0,16
Rzodkiewka,14,1,0,4,3,11,236,29,1,7,2,0,21
Sa³ata,14,1,0,3,1,4,134,24,1,9,192,0,13
Seler korzeniowy,21,2,0,8,5,86,320,40,1,19,4,0,8
Seler naciowy,13,1,0,4,2,62,320,41,0,12,10,0,3
Soczewica czerwona- nasiona suche,330,25,3,58,9,2,874,46,6,71,10,0,3
Soczewica- kie³ki,121,9,1,22,3,9,292,29,3,43,5,0,17
Soja- nasiona suche,385,34,20,33,16,1,2132,240,9,216,2,1,0
Soja- kie³ki,142,13,7,10,3,14,484,67,2,72,1,0,15
Szczaw,21,1,1,5,3,14,333,80,2,19,641,0,35
Szczypiorek,30,4,1,4,3,2,252,97,1,26,567,2,41
Szparagi,19,2,0,4,2,2,300,22,1,18,101,2,26
Szpinak,16,3,0,3,3,26,235,93,3,53,707,2,68
Ziemniaki- wczesne,70,2,0,16,1,7,415,4,1,24,1,0,16
Ziemniaki- póŸne,86,2,0,21,2,7,491,4,1,23,1,0,11
Ziemniaki- œrednio,78,2,0,18,2,7,443,4,1,23,1,0,14
Brukselka mro¿ona,36,5,1,8,5,9,359,49,1,18,71,1,63
Fasolka szparagowa- mro¿ona,24,2,0,7,4,5,214,53,1,18,57,0,15
Szpinak mro¿ony,15,2,0,3,2,21,190,75,2,43,636,2,43
Barszcz ukraiñski mro¿ony,28,2,0,7,2,30,256,34,1,13,175,1,13
Marchew z groszkiem mro¿ona,40,3,0,10,4,47,251,26,1,17,1063,0,8
W³oszczyzna krojona w paski mro¿ona,25,1,0,8,4,58,261,32,1,16,680,1,10
Zupa jesienna mro¿ona,28,2,0,7,3,36,241,30,1,12,387,0,17
Zupa kalafiorowa mro¿ona,22,2,0,6,3,30,197,18,1,11,233,0,34
Zupa w³oska mro¿ona,27,2,0,7,3,32,239,20,1,12,481,1,19
Fasola ciêta- konserwowa bez zalewy,17,2,0,5,2,256,124,43,1,12,43,0,3
Fasolka flageolet- konserwowa,62,6,0,15,7,291,299,56,2,36,14,0,4
Groszek zielony- konserwowy bez zalewy,63,5,0,16,6,178,114,40,2,28,42,0,4
Kapusta kwaszona,12,1,0,3,2,260,211,36,1,7,3,0,16
Koncentrat pomidorowy 30%,93,6,2,17,3,30,1072,55,2,51,575,2,38
Ogórek kwaszony,11,1,0,2,1,703,99,18,0,43,17,0,4
Papryka czerwona konserwowa,30,1,2,5,2,291,78,14,3,5,133,1,81
Skrobia ziemniaczana,346,1,0,84,0,5,14,39,1,8,0,0,1
Sos keczup,94,2,1,22,3,962,335,27,1,32,175,2,23
Pieczarka uprawna- œwie¿a,17,3,0,3,2,6,289,11,1,12,2,0,5
Agrest,41,1,0,12,3,2,230,20,1,10,27,1,26
Ananas,54,0,0,14,1,1,220,17,0,15,7,0,15
Arbuz,37,1,0,8,0,1,130,6,0,2,38,0,10
Awokado,161,2,15,7,3,10,600,11,1,39,7,1,8
Banan,96,1,0,24,2,1,395,6,0,33,8,0,9
Brzoskwinia,47,1,0,12,2,3,200,9,1,8,99,1,3
Cytryna,37,1,0,10,2,5,125,40,1,9,1,0,50
Czarne jagody,46,1,1,12,3,1,62,15,1,2,6,2,15
Czereœnie,61,1,0,15,1,2,202,13,0,7,12,0,15
Grejpfrut,37,1,0,10,2,2,277,22,0,12,3,0,40
Gruszka,55,1,0,14,2,2,118,12,0,8,2,0,5
Jab³ko,47,0,4,0,4,12,2,2,134,4,0,3,4
Kiwi,57,1,1,14,2,4,290,25,0,15,7,0,59
Maliny,30,1,0,12,6,2,203,35,1,20,3,0,31
Mandarynki,42,1,0,11,2,1,189,30,0,17,16,0,31
Morele,47,1,0,12,2,1,275,23,1,7,254,1,7
Nektarynka,49,1,0,12,1,1,214,9,1,13,17,2,14
Pomarañcza,44,1,0,11,2,3,183,33,0,12,19,0,49
Porzeczki bia³e,33,1,0,13,6,1,275,30,1,12,0,0,40
Porzeczki czarne,36,1,0,15,8,2,336,39,1,20,14,1,182
Porzeczki czerwone,31,1,0,14,8,2,259,36,1,12,4,0,46
Poziomki,34,1,1,8,2,1,147,28,1,10,2,0,60
Œliwki,46,1,0,12,2,2,208,16,1,8,49,1,5
Truskawki,29,1,0,7,2,1,133,26,1,10,2,0,66
Winogrona,70,1,0,18,2,2,226,17,0,6,3,1,5
Wiœnie,48,1,0,11,1,3,150,13,0,9,40,0,12
Truskawki mro¿one,29,1,0,7,2,1,133,26,1,10,2,0,59
Mieszanka owoców mro¿ona,40,1,0,12,4,2,215,23,1,10,24,0,25
Daktyle suszone,279,2,0,74,9,35,688,70,2,54,7,0,3
Figi Suszone,292,4,1,78,13,44,938,203,3,78,13,0,3
Jab³ka suszone,240,2,1,2,1,62,10,10,665,20,2,15,21
Morele suszone,287,5,1,72,10,5,1666,139,4,42,1307,3,32
Rodzynki suszone,279,2,1,71,7,21,833,78,2,40,2,0,1
Œliwki suszone z pestk¹,269,4,1,69,9,12,804,72,2,36,154,0,6
D¿em morelowy niskos³odzony,159,0,0,39,1,1,121,10,0,3,111,0,1
D¿em truskawkowy niskos³odzony,155,0,0,38,1,1,63,13,0,5,1,0,11
D¿em truskawkowy wysokos³odzony,255,0,0,62,1,1,64,13,0,5,1,0,12
D¿em wiœniowy niskos³odzony,155,0,0,38,0,2,68,6,0,4,18,0,3
D¿em wiœniowy wysokos³odzony,254,0,0,62,1,2,72,7,0,4,19,0,3
Powid³a œliwkowe,216,1,0,53,2,3,346,40,2,18,77,0,3
Oliwki zielone marynowane,126,1,13,4,2,2400,55,61,2,22,30,2,0
Migda³y,577,20,52,21,13,14,778,239,3,269,0,24,6
Orzechy arachidowe,565,26,46,19,7,16,720,58,3,180,0,9,0
Wiórki kokosowe,611,6,63,27,21,28,660,23,4,90,0,1,0
Orzech laskowy,646,14,63,15,9,2,616,186,3,140,5,39,3
Orzechy pistacjowe,594,21,49,25,6,6,1090,135,7,158,23,5,0
Orzechy w³oskie,651,16,60,18,7,4,474,87,2,99,8,3,6
Mak niebieski,482,20.1,42.9,24.7,20.5,6,963,1266,8.1,458,0.0,1.8,0.0
S³onecznik- nasiona,566,24.4,43.7,24.6,6.0,3,793,131,4.2,359,5,27.81,0.0
Cukier,409,0.0,0.0,99.8,0.0,1,2,1,0.0,0,0,0.0,0.0
Miód pszczeli,327,0.3,0.0,79.5,0.0,7,46,5,0.9,5,0,0.0,1.4
Kakao 16% - proszek,452,18.2,21.7,50.6,5.7,17,1927,138,10.7,420,2,0.37,0.0
Herbatniki,441,8.2,11.0,76.8,1.3,297,123,35,1.3,29,18,1.1,0.0
Herbatniki z cukrem,464,6.7,17.2,70.7,1.6,131,97,38,0.9,13,16,0.82,0.0
Herbatniki kokosowe,479,6.4,25.3,59.9,4.5,14,192,49,1.3,25,24,0.9,0.1
Herbatniki sezamowe,508,8.1,28.6,55.7,2.2.,133,128,54,1.5,61,15,1.21,0.1
Paluszki z kminkiem,503,16.4,31.5,39.3,1.3,895,224,78,3.4,33,486,4.91,0.0
Babka biszkoptowa,348,8.2,4.7,67.3.,0.9,56,102,27,1.3,12,144,0.43,0.0
Ciasto  dro¿d¿owe,294,7.4,8.3,47.8,1.6,139,132,36,1.1,16,97,1.02,0.2
Ciasto kruche podstawowe,440,5.2,23.9,51.4,1.2,26,74,14,0.7,10,213,2.87,0.0
Ciasto francuskie ze œliwkami,439,5.0,26.8,45.4,1.7,160,147,21,0.9,13,254,3.53,1.0
Ciastka Napoleonki,353,5.9,17.2,43.6,0.8,131,111,55,0.8,12,169,3.09,0.3
Ciastka tortowe z owocami œwie¿ymi,279,3.2,9.0,47.2,2.0,27,133,25,1.0,11,120,1.59,20.7
Jagodzianki,320,7.1,5.5,61.1,2.1,137,129,36,1.2,15,69,1.3,2.1
Keks bakaliowy,391,6.4,17.8,53.8,3.6,91,343,104,1.6,35,183,2.92,0.7
Piernik z bakaliami,376,5.9,12.6,61.0,2.7,126,272,41,1.6,40,64,2.31,0.5
Herbata - napar bez cukru,0,0.1,0.0,0.0,0.0,11,16,5,0.1,2,0,0.0,0.0
Kawa - napar bez cukru,2,0.2,0.0,0.3,0.0,14,126,9,0.2,12,0,0.0,0.0
Sok ananasowy,201,0.3,0.1,11.4,0.1,1,134,17,0.3,13,1,0.03,6.0
Sok z czarnej porzeczki,223,0.3,0.1,12.7,0.1,1,60,14,1.0,5,4,0.25,23.4
Sok cytrynowy,125,0.4,0.3,6.4,0.1,1,102,11,0.1,8,2,0.1,50.0
Sok grejpfrutowy,167,0.5,0.1,9.2,0.1,1,102,11,0.1,8,1,0.19,38.0
Sok jab³kowy,175,0.1,0.1,10.0,0.0,2,110,9,0.2,5,2,0.01,2.3
Sok marchwiowy,181,0.4,0.1,11.3,1.3,29,99,13,0.2,6,580,0.18,1.2
Sok marchwiowo-jab³kowy,191,0.5,0.3,12.3,2.2,30,163,15,0.3,7,582,0.41,5.6
Sok marchwiowo-jab³kowo-pomarañczowy,186,0.6,0.2,11.8,1.9,26,153,18,0.3,8,502,0.31,13.0
Sok pomarañczowy,181,0.6,0.1,9.9,0.1,2,175,8,0.4,11,13,0.1,43.1
Sok pomidorowy,13,0.8,0.1,2.6,0.4,126,206,8,0.3,7,83,0.7,14.8
Sok wielowarzywny,25,1.0,0.3,5.7,1.2,312,190,16,0.5,12,167,0.48,12.0
Przyprawa Jarzynka,90,1.9,0.4,23.3,4.0,23982,354,74,1.5,180,145,0.5,1.4
Majonez domowy z olejem rzepakowym,722,1.3,79.2,2.6,0.1,396,16,14,0.5,9,47,20.7,0.0
Majonez domowy z olejem s³onecznikowym,722,1.3,79.2,2.6,0.1,396,16,14,0.6,9,47,36.07,0.0
Sól bia³a,0,0.0,0.0,0.0,0.0,38850,0,29,0.2,290,0,0.0,0.0
